customer_id,name,address,phone_num
187,Shelby Mcdougall,"86909 Cruickshank Harbor, Suite 318, 66669, Turcottechester, Indiana, United States",(309) 721-9910
157,Jaimee Dyer,"8629 Kaylah Square, Apt. 562, 39610, Jewelview, Alabama, United States",(915) 908-7512
325,Grace Juarez,"78408 Hermiston Spur, Suite 334, 19123, Andrewview, Louisiana, United States",(683) 505-8787
382,Esther Baldwin,"71124 Ondricka Creek, Suite 924, 60636, Leschberg, Vermont, United States",(846) 626-5165
209,Shania Herbert,"0850 Audra Glens, Suite 507, 15119-7166, Lake Lonnyview, Oregon, United States",(743) 337-3683
365,Tyra Mcbride,"5490 Welch Skyway, Suite 474, 66527, North Randalbury, Colorado, United States",(727) 492-5386
245,Xena Mcphee,"656 Dicki Island, Suite 635, 03761, New Abelchester, Arizona, United States",(822) 789-4346
183,Nida Reeves,"65078 Myrtice Viaduct, Apt. 777, 28066-2132, South Henderson, Hawaii, United States",(360) 940-1696
129,Jeff Mccabe,"81387 Jeanne Place, Apt. 128, 06984, Roobside, Rhode Island, United States",(409) 471-8120
387,Noor Doherty,"42880 Bradtke Inlet, Suite 021, 59934-4030, Lake Jerrellmouth, Kentucky, United States",(419) 742-0572
177,Chelsy Greig,"72252 Quitzon Summit, Suite 247, 94899-8766, Lake Raoul, Texas, United States",(386) 528-4185
317,Owais Driscoll,"151 Okuneva Mission, Suite 212, 40525-5523, Koryburgh, Connecticut, United States",(329) 961-0317
407,Latisha Waters,"53931 Ayana Tunnel, Suite 969, 95761-3600, East Edgarstad, Kansas, United States",(763) 897-3812
490,Margo Guest,"8012 Viva Centers, Suite 456, 66853, North Pablo, Kansas, United States",(522) 383-1615
479,Whitney Mcneill,"627 Fae Turnpike, Suite 002, 79983-5967, O'Connerview, Maine, United States",(516) 835-6868
339,Caitlyn Walton,"77116 Emard Highway, Suite 265, 86337-1646, Earlenefurt, Alaska, United States",(230) 938-1245
191,Mia-Rose Guevara,"4588 Hane Forks, Suite 405, 30084-0823, Lake Dahlialand, Georgia, United States",(865) 653-1901
107,Bryony Contreras,"11893 Carter Coves, Apt. 108, 96680-5642, Catherinemouth, Tennessee, United States",(933) 872-1670
385,Roxie Rawlings,"36294 Myra Ramp, Suite 221, 38847, North Lexusberg, New York, United States",(246) 559-3208
287,Bradley Davey,"3804 Mayer Villages, Apt. 643, 86712-8359, Prosaccoborough, Missouri, United States",(766) 270-0670
